{
  "0": "Corn Cercospora leaf spot",
  "1": "Corn Common rust",
  "2": "Corn Northern Leaf Blight",
  "3": "Corn healthy",
  "4": "Potato Early blight",
  "5": "Potato Late blight",
  "6": "Potato healthy",
  "7": "Tomato Bacterial spot",
  "8": "Tomato Early blight",
  "9": "Tomato Late blight",
  "10": "Tomato Leaf Mold",
  "11": "Tomato Septoria leaf spot",
  "12": "Tomato Spider mites",
  "13": "Tomato Target Spot",
  "14": "Tomato Yellow Leaf Curl Virus",
  "15": "Tomato mosaic virus",
  "16": "Tomato healthy"
}